{
  "team": [
    "P03",
    "P01",
    "P11",
    "P07",
    "P05"
  ],
  "score": 5774444.963862953,
  "composition": {
    "role_coverage": 1.0,
    "covered_roles": [
      "OPERATOR",
      "CONNECTOR",
      "RAINMAKER",
      "CONTROLLER",
      "CLOSER",
      "BUILDER"
    ],
    "missing_roles": [],
    "avg_role_scores": {
      "rainmaker_score": 0.6535563244166389,
      "closer_score": 0.43673890926434866,
      "operator_score": 0.07626841243862521,
      "builder_score": 0.31119949380818945,
      "connector_score": 0.6213908350818619,
      "controller_score": 0.2
    }
  }
}