person_id,money_krw,minutes,events,coin_rate_per_min,coin_rate_per_hr,indirect_per_min,score_per_min,score_per_hr,rainmaker_score,closer_score,operator_score,builder_score,connector_score,controller_score
P01,283666666.6666667,300.0,4,945555.5555524038,56733333.333144225,228678.3625722971,1174233.918124701,70454035.08748205,0.7884841363102233,0.6474735605170387,0.0,0.0,0.43595769682726204,0.0
P03,283666666.6666667,225.0,3,1260740.7407351376,75644444.44410826,189111.11111048076,1449851.8518456183,86991111.1107371,0.7884841363102233,0.43595769682726204,0.0,0.2115158636897767,0.43595769682726204,1.0
P05,130000000.0,195.0,3,666666.6666632479,39999999.99979487,171508.77192922283,838175.4385924707,50290526.31554824,0.6923076923076923,0.0,0.3076923076923077,0.6923076923076923,0.6923076923076923,0.0
P07,203666666.6666667,285.0,4,714619.8830384284,42877192.982305706,290526.3157884543,1005146.1988268828,60308771.929612964,0.6072013093289689,0.9263502454991817,0.07364975450081833,0.0,0.8036006546644845,0.0
P11,230000000.0,285.0,4,807017.5438568175,48421052.63140905,353007.40740583854,1160024.9512626561,69601497.07575937,0.391304347826087,0.17391304347826086,0.0,0.6521739130434783,0.7391304347826086,0.0
