{
  "mint_krw": 1131000000.0,
  "burn_krw": 144662790.69756228,
  "net_krw": 986337209.3024378,
  "effective_minutes": 1290.0,
  "coin_velocity": 764602.4878307544,
  "entropy_ratio": 0.12790697674408688,
  "events_count": 10,
  "velocity_change": 0.3741097105415996
}