{"stability": 0.4299999999999999, "pressure": 0.4250000000000001, "drag": 0.2039999999999999, "momentum": 0.7500000000000002, "volatility": 0.275, "recovery": 0.482, "current_station_idx": 2, "progress_accumulated": 0.0, "t": 1.3499999999999999, "tick_count": 9, "last_action_ts": 1766745696.371782, "selfcheck_history": [{"ts": 1766745415.922856, "alignment": 0.8, "clarity": 0.7, "friction": 0.3, "momentum": 0.6, "confidence": 0.75, "recovery": 0.65}]}