{
  "_meta": {
    "name": "AUTUS Learned Priors",
    "version": "1.0.0",
    "description": "재무제표 데이터에서 학습된 Prior",
    "learned_from": "Financial Statements"
  },
  "priors": {
    "금융": {
      "type_id": "금융",
      "type_name": "금융",
      "parameters": {
        "growth_rate": 0.0030762041776543226,
        "cost_ratio": 0.7000392750421027,
        "debt_ratio": 0.0,
        "turnover": 0.8313259424548878,
        "roe": 0.06790862772909062
      },
      "benchmarks": {
        "n01": {
          "mean": 79332838413.69592,
          "std": 55718758380.070984
        },
        "n02": {
          "mean": 249351760928.89374,
          "std": 144106796474.46765
        },
        "n03": {
          "mean": 82848338574.83968,
          "std": 85590752447.388
        },
        "n04": {
          "mean": 265266378728.79318,
          "std": 161526159426.4439
        },
        "n05": {
          "mean": 226271328429.68204,
          "std": 131931482300.16599
        },
        "n06": {
          "mean": 204052252078.8932,
          "std": 120646725558.02568
        },
        "n07": {
          "mean": 17956961420.570255,
          "std": 17352853304.582718
        },
        "n08": {
          "mean": 25295807880.999626,
          "std": 15796944983.561527
        },
        "n10": {
          "mean": 1130.8695652173913,
          "std": 659.6331196596975
        },
        "n12": {
          "mean": 247309417308.2229,
          "std": 151627822533.25705
        },
        "n13": {
          "mean": 7473761348.562955,
          "std": 17601547721.24817
        },
        "n17": {
          "mean": -0.0018298714575092653,
          "std": 0.030867082842519118
        },
        "n20": {
          "mean": 0.9159101625860254,
          "std": 0.1739716537926453
        },
        "n32": {
          "mean": -1.9409495982326623,
          "std": 32.091715695930006
        },
        "n36": {
          "mean": 1.1167248750150063,
          "std": 0.39203239326653194
        },
        "n37": {
          "mean": 3.213696591742392,
          "std": 15.027839132102592
        },
        "n41": {
          "mean": 0.0,
          "std": 0.0
        },
        "n54": {
          "mean": 0.20260836752448774,
          "std": 0.02873077902498145
        },
        "n56": {
          "mean": 82848338574.83968,
          "std": 85590752447.388
        },
        "n58": {
          "mean": 0.6978889031231735,
          "std": 0.05655072956602324
        },
        "n60": {
          "mean": 0.21464956175932662,
          "std": 0.35949695192479714
        },
        "n72": {
          "mean": 0.07112129955843206,
          "std": 0.055175014136507126
        }
      }
    },
    "제조": {
      "type_id": "제조",
      "type_name": "제조",
      "parameters": {
        "growth_rate": 0.008895830962728868,
        "cost_ratio": 0.7063310021944296,
        "debt_ratio": 0.050740285691527234,
        "turnover": 0.9777899225001043,
        "roe": 0.07713184969657613
      },
      "benchmarks": {
        "n01": {
          "mean": 99596353018.39032,
          "std": 92369569047.21202
        },
        "n02": {
          "mean": 263450438112.10574,
          "std": 150966351459.41342
        },
        "n03": {
          "mean": 83733210324.4434,
          "std": 67891254102.70104
        },
        "n04": {
          "mean": 283815135797.2957,
          "std": 198797852777.17645
        },
        "n05": {
          "mean": 267150921803.24457,
          "std": 155934446151.5946
        },
        "n06": {
          "mean": 240572837667.66626,
          "std": 142725358018.27316
        },
        "n07": {
          "mean": 21784483912.968098,
          "std": 21235515254.25848
        },
        "n08": {
          "mean": 27813713014.102978,
          "std": 18394046480.435104
        },
        "n10": {
          "mean": 1335.2095238095237,
          "std": 779.6876138219667
        },
        "n12": {
          "mean": 262030651884.32758,
          "std": 188033374899.62344
        },
        "n13": {
          "mean": 8071638825.455321,
          "std": 24204067361.48714
        },
        "n17": {
          "mean": 0.01151321899202654,
          "std": 0.04089371013108034
        },
        "n20": {
          "mean": 1.0246624117855854,
          "std": 0.2159192553734617
        },
        "n32": {
          "mean": 0.21370887954110454,
          "std": 17.94213773552665
        },
        "n36": {
          "mean": 1.0682382633903151,
          "std": 0.3948656221032931
        },
        "n37": {
          "mean": 4.6409041464223595,
          "std": 18.91642906850301
        },
        "n41": {
          "mean": 0.0,
          "std": 0.0
        },
        "n54": {
          "mean": 0.19917381387363808,
          "std": 0.030008024767934557
        },
        "n56": {
          "mean": 83733210324.4434,
          "std": 67891254102.70104
        },
        "n58": {
          "mean": 0.7013593718527927,
          "std": 0.0606780759799107
        },
        "n60": {
          "mean": 0.27031281636471327,
          "std": 0.38413916385527946
        },
        "n72": {
          "mean": 0.08254689998400604,
          "std": 0.06203569963985737
        }
      }
    },
    "서비스": {
      "type_id": "서비스",
      "type_name": "서비스",
      "parameters": {
        "growth_rate": 0.0061216522766846335,
        "cost_ratio": 0.6905448480555744,
        "debt_ratio": 0.0,
        "turnover": 0.8298143291695461,
        "roe": 0.06512673464561941
      },
      "benchmarks": {
        "n01": {
          "mean": 91616361219.22247,
          "std": 93531035767.62398
        },
        "n02": {
          "mean": 200621965227.9316,
          "std": 109726757120.44537
        },
        "n03": {
          "mean": 51683729820.4391,
          "std": 43529978484.64977
        },
        "n04": {
          "mean": 249195295674.8878,
          "std": 207568685754.1217
        },
        "n05": {
          "mean": 192561632658.1954,
          "std": 138019276975.45694
        },
        "n06": {
          "mean": 171379136512.48874,
          "std": 121460354991.52539
        },
        "n07": {
          "mean": 17036382878.75386,
          "std": 18431698557.0726
        },
        "n08": {
          "mean": 20040008142.105423,
          "std": 13033074963.181234
        },
        "n10": {
          "mean": 962.3174603174604,
          "std": 690.0936864255053
        },
        "n12": {
          "mean": 232158912796.13394,
          "std": 195634229498.75104
        },
        "n13": {
          "mean": 7822334415.959972,
          "std": 17734272974.221306
        },
        "n17": {
          "mean": 0.007652818116655031,
          "std": 0.028716163447981332
        },
        "n20": {
          "mean": 0.9021964504882598,
          "std": 0.1929832892830117
        },
        "n32": {
          "mean": 0.6720842175377579,
          "std": 47.49520572888781
        },
        "n36": {
          "mean": 1.1542375341094282,
          "std": 0.4008449600432485
        },
        "n37": {
          "mean": 2.968859460801919,
          "std": 12.65642549955325
        },
        "n41": {
          "mean": 0.0,
          "std": 0.0
        },
        "n54": {
          "mean": 0.20080308639857355,
          "std": 0.03035068223673263
        },
        "n56": {
          "mean": 51683729820.4391,
          "std": 43529978484.64977
        },
        "n58": {
          "mean": 0.6942097537351877,
          "std": 0.05859283790973518
        },
        "n60": {
          "mean": 0.19285908667840915,
          "std": 0.3526715989276277
        },
        "n72": {
          "mean": 0.0730092856497281,
          "std": 0.06239395994272076
        }
      }
    },
    "IT": {
      "type_id": "IT",
      "type_name": "It",
      "parameters": {
        "growth_rate": 0.04516674826403605,
        "cost_ratio": 0.7260103829355039,
        "debt_ratio": 0.1264548685118098,